	confound1	confound2
0	1.582516483056499	-0.04019389409581115
1	-0.23742131136304154	-1.0328249203549644
2	-1.1402330315300937	-1.1638826435980905
3	-0.9740766979732228	1.7835797033051335
4	0.9779697591251612	-1.6979126864175762
5	-0.9838033112853282	-0.1402862625226868
6	-0.7698749986423523	-1.2795411209393368
7	0.03138021251850643	-0.7923618665709292
8	-0.998671470482564	0.22471003736884454
9	-0.01851184563595134	0.35459070074380167
10	-0.39285938678401766	1.469412476699279
11	-0.261794460013463	0.7065768834296765
12	-0.7745786599406629	0.1535526446522341
13	0.7217482840367414	-0.19402717942900122
14	-1.6931992320898468	-0.6670193739133166
15	1.0624896963003825	-0.9905333335717346
16	0.03957917184989142	2.0764177577818455
17	0.6576314392435858	2.105921350701473
18	1.7588728607329838	0.1698016077743453
19	-1.0551146748831095	0.4068329783269777
